ts,prev_hash,hash,event_json
1759522271,GENESIS,7ebd4a9699fdf3007e959c01486cf03f30d2860d390313e55c50b96f34de062d,{"accepted": true, "best_iid": "832cf51bbefcb6ed8bf9170967029c191b3b21b7a43dc24f1d77148554af76b3", "best_score": 0.6537962246708381, "checkpoint": true, "cx_rate": 0.756, "cycle": 1, "mean_novelty": 0.06535650779631852, "metrics": {"behavior": [2.803486767747976, 1.2011373482062417], "caos_plus": 1.0, "consent": 1.0, "cost_penalty": 0.9439302646450405, "eco_ok": 1.0, "ethics_pass": 1.0, "linf": 0.9, "novelty": 0.5297593545070033, "objective": 1.2011373482062417, "robustness": 1.0}, "mut_rate": 0.0848, "mut_scale": 0.21200000000000002, "parents": ["538e71110a1e512e26d1640998757bd3a7ca65947fea5c81cc4700f052a960b5", "c64a38fa03aa1d49be72d6741cc85e02363715e6882cf9e0fc6b6e941d4db8b9"], "pop_size": 39, "reasons": {"consent": 1.0, "ece": 0.0, "eco_ok": 1.0, "rho": 0.5, "rho_bias": 0.5}}
1759522271,7ebd4a9699fdf3007e959c01486cf03f30d2860d390313e55c50b96f34de062d,eb5d7ef6f6e38226e86e0c39522816d74bfbc35a69f1a89d189276d4d79b0244,{"accepted": false, "best_iid": "ad8d87d52cb58409528771e0c2016a7c42f258dce4ca440b8dbef6b88e938ed5", "best_score": 0.40928725516323006, "checkpoint": true, "cx_rate": 0.762, "cycle": 2, "mean_novelty": 0.10848615922585648, "metrics": {"behavior": [4.416857768773411, 0.4763417888362376], "caos_plus": 1.0, "consent": 1.0, "cost_penalty": 0.9116628446245317, "eco_ok": 1.0, "ethics_pass": 1.0, "linf": 0.9, "novelty": 0.3364877641137483, "objective": 0.4763417888362376, "robustness": 1.0}, "mut_rate": 0.083104, "mut_scale": 0.20776000000000003, "parents": ["3b337247e9509a923f24182ca5f1f665169b6e1d95a0ba2d8fd65949b1c189dc", "d89eb4d102ad1ea89a240a1e4eaa8255abf739a27acb0cb319186336a12d6ec6"], "pop_size": 38, "reasons": {"consent": 1.0, "ece": 0.0, "eco_ok": 1.0, "rho": 0.5, "rho_bias": 0.5}}
1759522271,eb5d7ef6f6e38226e86e0c39522816d74bfbc35a69f1a89d189276d4d79b0244,e745310a4b58fe5bfd3660831e1c626829e8651f6c5745cc86952b598e046a53,{"accepted": false, "best_iid": "fef71a9b243c092cfe6efb7e429c2954fa6d982ced33441707adc3f201be220e", "best_score": 0.045959720417036165, "checkpoint": false, "cx_rate": 0.768, "cycle": 3, "mean_novelty": 0.011336511136935156, "metrics": {"behavior": [5.009671196778498, 1.726808101483238], "caos_plus": 1.0, "consent": 1.0, "cost_penalty": 0.89980657606443, "eco_ok": 1.0, "ethics_pass": 1.0, "linf": 0.9, "novelty": 0.01768526302386274, "objective": 1.726808101483238, "robustness": 1.0}, "mut_rate": 0.08809024, "mut_scale": 0.22022560000000005, "parents": ["1bd796e508c6f3ef66a60c6edcae7e845b53d88ea27c5986184a467e0298d41f"], "pop_size": 37, "reasons": {"consent": 1.0, "ece": 0.0, "eco_ok": 1.0, "rho": 0.5, "rho_bias": 0.5}}
1759522661,e745310a4b58fe5bfd3660831e1c626829e8651f6c5745cc86952b598e046a53,bbecd98a7dfadf3a27d939c96db5ad8ccf4fd9081ec23339a875c76aad39889e,{"accepted": true, "best_iid": "774b41a474d4c49e75cb57dd217352fd834e45e44d5f29477fc66f04432f6567", "best_score": 0.6537962246708381, "checkpoint": true, "cx_rate": 0.756, "cycle": 1, "mean_novelty": 0.06535650779631852, "metrics": {"behavior": [2.803486767747976, 1.2011373482062417], "caos_plus": 1.0, "consent": 1.0, "cost_penalty": 0.9439302646450405, "eco_ok": 1.0, "ethics_pass": 1.0, "linf": 0.9, "novelty": 0.5297593545070033, "objective": 1.2011373482062417, "robustness": 1.0}, "mut_rate": 0.0848, "mut_scale": 0.21200000000000002, "parents": ["195dee43cf8e2ec577e78bca64a981abc6556061d0d5ef2102e21bd97df31748", "f93e19a0d23a399617d16bc1e6a3bce5915989959bd5c7c66035bc3b2f81c92f"], "pop_size": 39, "reasons": {"consent": 1.0, "ece": 0.0, "eco_ok": 1.0, "rho": 0.5, "rho_bias": 0.5}}
1759522661,bbecd98a7dfadf3a27d939c96db5ad8ccf4fd9081ec23339a875c76aad39889e,5e3b843715e20aead5351ccb6a38e5ea7a55449bc6cc6177d1e335cb3136ab83,{"accepted": false, "best_iid": "675b6e34cee947e01958382e3aa6db146de02719cc2d489d9a2e4bd4e070c5d9", "best_score": 0.40928725516323006, "checkpoint": true, "cx_rate": 0.762, "cycle": 2, "mean_novelty": 0.10848615922585648, "metrics": {"behavior": [4.416857768773411, 0.4763417888362376], "caos_plus": 1.0, "consent": 1.0, "cost_penalty": 0.9116628446245317, "eco_ok": 1.0, "ethics_pass": 1.0, "linf": 0.9, "novelty": 0.3364877641137483, "objective": 0.4763417888362376, "robustness": 1.0}, "mut_rate": 0.083104, "mut_scale": 0.20776000000000003, "parents": ["ea2565e857cc87916dc656611286b8091c7625503ed7aea4e8f740d9c9c800cf", "92adcd04d92cdb3ac2558a86898e11ba4467999f04cb7fe118488e0b172db315"], "pop_size": 38, "reasons": {"consent": 1.0, "ece": 0.0, "eco_ok": 1.0, "rho": 0.5, "rho_bias": 0.5}}
1759522662,5e3b843715e20aead5351ccb6a38e5ea7a55449bc6cc6177d1e335cb3136ab83,50d30e987e09a167a54df93463c594be745f4c7f81fdc19ae6e06524bc46e5f5,{"accepted": false, "best_iid": "6ebc90c35f8bfc18af5ad179d820a3755422cb09ca291486ff066b0e02943b9e", "best_score": 0.386879600878567, "checkpoint": false, "cx_rate": 0.768, "cycle": 3, "mean_novelty": 0.09011153551514985, "metrics": {"behavior": [2.84682288952789, 1.0000822460060772], "caos_plus": 1.0, "consent": 1.0, "cost_penalty": 0.9430635422094422, "eco_ok": 1.0, "ethics_pass": 1.0, "linf": 0.9, "novelty": 0.21268376587031726, "objective": 1.0000822460060772, "robustness": 1.0}, "mut_rate": 0.08809024, "mut_scale": 0.22022560000000005, "parents": ["e9eee94c90592af19078e24d57e2616e3c54ac8eb10a7c7b5e4d12f86ab7115e"], "pop_size": 37, "reasons": {"consent": 1.0, "ece": 0.0, "eco_ok": 1.0, "rho": 0.5, "rho_bias": 0.5}}
1759524998,fe44486d47bfb460ce18b92e41136ea4a0522f798f141cc90a4f8e6f83a9d9df,820fb3fb0c09e90bbddb3de3faf65b5f41305a4f1ca706a6c159788ad7d8fb5b,{"avg_fitness": 0.31420863655852205, "best_fitness": 0.9604672897729151, "iteration": 1}
1759524998,820fb3fb0c09e90bbddb3de3faf65b5f41305a4f1ca706a6c159788ad7d8fb5b,ed374c33153a1426664793e2f216c9efa96de10873a3201113116aaf378c82d7,{"avg_fitness": 0.3406429496729888, "best_fitness": 0.9680675617999817, "iteration": 2}
1759524998,ed374c33153a1426664793e2f216c9efa96de10873a3201113116aaf378c82d7,1a9ff31d57d12af314ffbfb8f2f4611a958ef49b56d4a232488b86dd08724719,{"avg_fitness": 0.33964195848366957, "best_fitness": 0.9680675617999817, "iteration": 3}
1759524998,1a9ff31d57d12af314ffbfb8f2f4611a958ef49b56d4a232488b86dd08724719,6aee0072b123cd30e5e749c2ed41a1c1eb6a57358fdb8e56a6429066f4bff8b3,{"avg_fitness": 0.3161532533834315, "best_fitness": 0.9723182900288059, "iteration": 4}
1759524998,6aee0072b123cd30e5e749c2ed41a1c1eb6a57358fdb8e56a6429066f4bff8b3,9d0db906c21e11cb32cef18e432aeb4adfac55b0dc413e1c3c8121340dff3e5d,{"avg_fitness": 0.328932521707309, "best_fitness": 0.9723182900288059, "iteration": 5}
1759524998,9d0db906c21e11cb32cef18e432aeb4adfac55b0dc413e1c3c8121340dff3e5d,0348579308fcaf8d9e5c17dc4c7df128d963a09e95153fe18a7061b58bad8517,{"avg_fitness": 0.3514153549789035, "best_fitness": 0.9976076816294895, "iteration": 6}
1759524998,0348579308fcaf8d9e5c17dc4c7df128d963a09e95153fe18a7061b58bad8517,53d2fd50f042541e26ae0d16d90419fcf49c83d64e542a8bb06d8bca34333b9d,{"avg_fitness": 0.3916840274150419, "best_fitness": 0.9998854040640013, "iteration": 7}
1759524998,53d2fd50f042541e26ae0d16d90419fcf49c83d64e542a8bb06d8bca34333b9d,3a73fb16ece00e8bbf15583261b9d1b8eb51512bf966e298824cf7417a1faca0,{"avg_fitness": 0.3930623831168017, "best_fitness": 0.9998854040640013, "iteration": 8}
1759524998,3a73fb16ece00e8bbf15583261b9d1b8eb51512bf966e298824cf7417a1faca0,17481233b61613dbb7e714fca4c1e388ed8a8a40ee704e90eb1e323fae0e9c73,{"avg_fitness": 0.39608897048579594, "best_fitness": 0.9998854040640013, "iteration": 9}
1759524998,17481233b61613dbb7e714fca4c1e388ed8a8a40ee704e90eb1e323fae0e9c73,2363c34f446a95c8577bf64238a24ccd024f1c26b585ea8b823f94a8d951ddf0,{"avg_fitness": 0.3998719687150006, "best_fitness": 0.9998854040640013, "iteration": 10}
1759525016,2363c34f446a95c8577bf64238a24ccd024f1c26b585ea8b823f94a8d951ddf0,5f5a99b864b47503079dfe5d2ea6006fd06c86c28e4117a26ec82a0bc3b44513,{"accepted": true, "best_iid": "10921e662b28e276024e71eca4956fc46d304c7c4eb7959c7779aee7c5ab6fd1", "best_score": 0.6537962246708381, "checkpoint": true, "cx_rate": 0.756, "cycle": 1, "mean_novelty": 0.06093690344015913, "metrics": {"behavior": [2.803486767747976, 1.2011373482062417], "caos_plus": 1.0, "consent": 1.0, "cost_penalty": 0.9439302646450405, "eco_ok": 1.0, "ethics_pass": 1.0, "linf": 0.9, "novelty": 0.5297593545070033, "objective": 1.2011373482062417, "robustness": 1.0}, "mut_rate": 0.0848, "mut_scale": 0.21200000000000002, "parents": ["451df47ccdcc2e95496a7d53085b75015cf26844da5744ff760d6ff90b44770d", "a1df91dbf2627933e008e04723e4bc644e2793403b861cbaea71ada35677c1d4"], "pop_size": 39, "reasons": {"consent": 1.0, "ece": 0.0, "eco_ok": 1.0, "rho": 0.5, "rho_bias": 0.5}}
1759525016,5f5a99b864b47503079dfe5d2ea6006fd06c86c28e4117a26ec82a0bc3b44513,05542e8ec46ba67c1ee46a126f31f6f9ca7ecde6068fe9aa831e7117a02f5d06,{"accepted": false, "best_iid": "e87c72dad71291296123449987853a740b7db2f6fef671d002d64d668d5f33b4", "best_score": 0.40928725516323006, "checkpoint": true, "cx_rate": 0.762, "cycle": 2, "mean_novelty": 0.10797824772081528, "metrics": {"behavior": [4.416857768773411, 0.4763417888362376], "caos_plus": 1.0, "consent": 1.0, "cost_penalty": 0.9116628446245317, "eco_ok": 1.0, "ethics_pass": 1.0, "linf": 0.9, "novelty": 0.3364877641137483, "objective": 0.4763417888362376, "robustness": 1.0}, "mut_rate": 0.083104, "mut_scale": 0.20776000000000003, "parents": ["34dd87802acb5898f74f03c4cf3c7c32192f5a01ac326d989399f10d29117c42", "f9d4807efdf4e705d5afd4f7404bfd282998f312fc33973e19c3a83acaf809db"], "pop_size": 38, "reasons": {"consent": 1.0, "ece": 0.0, "eco_ok": 1.0, "rho": 0.5, "rho_bias": 0.5}}
1759525016,05542e8ec46ba67c1ee46a126f31f6f9ca7ecde6068fe9aa831e7117a02f5d06,8a397b45de0afeb350a421b7b2d3b810635072f5f255b64b345272b563e4c023,{"accepted": false, "best_iid": "60ba297686a53a213606648f0b5a15325b90bfff9382a51837aedd9c601a68fc", "best_score": 0.30413501218211936, "checkpoint": false, "cx_rate": 0.768, "cycle": 3, "mean_novelty": 0.08794259569981089, "metrics": {"behavior": [-1.1987558586036977, 0.8943428348496529], "caos_plus": 1.0, "consent": 1.0, "cost_penalty": 0.9760248828279261, "eco_ok": 1.0, "ethics_pass": 1.0, "linf": 0.9, "novelty": 0.1449632902910239, "objective": 0.8943428348496529, "robustness": 1.0}, "mut_rate": 0.08809024, "mut_scale": 0.22022560000000005, "parents": ["06dd0cbec996cbb7994a80db4ed639ca99f1889e58cf37c24c7727028237c9a7", "da12b072a676ea16042078c4b07ea7713360b42e4b93d9000901825218728766"], "pop_size": 37, "reasons": {"consent": 1.0, "ece": 0.0, "eco_ok": 1.0, "rho": 0.5, "rho_bias": 0.5}}
1759525016,8a397b45de0afeb350a421b7b2d3b810635072f5f255b64b345272b563e4c023,6b7b8bcc84c3d9fbc3bd43d80c4f77d05b2ea7fab7b69ee385c7a0757435b6f6,{"avg_fitness": 0.3150766843567564, "best_fitness": 0.9927018670687637, "iteration": 1}
1759525016,6b7b8bcc84c3d9fbc3bd43d80c4f77d05b2ea7fab7b69ee385c7a0757435b6f6,9e7d1b43c37b755fda3acf19fd9043056cf509ef02587ff5fcfd2c43e442876f,{"avg_fitness": 0.33269722437834215, "best_fitness": 0.9927018670687637, "iteration": 2}
1759525016,9e7d1b43c37b755fda3acf19fd9043056cf509ef02587ff5fcfd2c43e442876f,65407bb41d8ca7ead9f123a722c5466dc1e00ba2397822f3b000793c7b099369,{"avg_fitness": 0.3593052533691211, "best_fitness": 0.9931470846808249, "iteration": 3}
1759525016,65407bb41d8ca7ead9f123a722c5466dc1e00ba2397822f3b000793c7b099369,2573390e10bfbcd06747e3edbcf5b0ca37d39e0582b2ad49fd2b773be634ccb4,{"avg_fitness": 0.3821414265957997, "best_fitness": 0.9932510903295902, "iteration": 4}
1759525016,2573390e10bfbcd06747e3edbcf5b0ca37d39e0582b2ad49fd2b773be634ccb4,d246c86cc4c6594e57f2857803961ac30163bbb0000b815dcbc54192a4b95992,{"avg_fitness": 0.3672177592848072, "best_fitness": 0.9944545839679789, "iteration": 5}
1759525016,d246c86cc4c6594e57f2857803961ac30163bbb0000b815dcbc54192a4b95992,854ec84c28e37904a862f18c5f1900aa388ef9f7396ef359f182476e4a688464,{"avg_fitness": 0.39493809041164485, "best_fitness": 0.9968337968244071, "iteration": 6}
1759525016,854ec84c28e37904a862f18c5f1900aa388ef9f7396ef359f182476e4a688464,04382baccb23cb373bd635687086d2b8cc8a6c3b66ffda9ea64283b408dd560e,{"avg_fitness": 0.39493947913266225, "best_fitness": 0.9956303031860183, "iteration": 7}
1759525016,04382baccb23cb373bd635687086d2b8cc8a6c3b66ffda9ea64283b408dd560e,ad1e37cb57f712f9badad0308e7fd4d9f8681f29078acda14f18b25b7c45d365,{"avg_fitness": 0.3979354622993757, "best_fitness": 0.9972287580202676, "iteration": 8}
1759525016,ad1e37cb57f712f9badad0308e7fd4d9f8681f29078acda14f18b25b7c45d365,a53ed2e8ffffcee60920a300e156dea7700b34a384d04bf2daa5df7a80942b96,{"avg_fitness": 0.39778183358719155, "best_fitness": 0.9944545839679789, "iteration": 9}
1759525016,a53ed2e8ffffcee60920a300e156dea7700b34a384d04bf2daa5df7a80942b96,74e312c5ccdf2ceee13624a214364d4b3345e65c74be676c57fbb82e6321c4d5,{"avg_fitness": 0.39778183358719155, "best_fitness": 0.9944545839679789, "iteration": 10}
1759526031,74e312c5ccdf2ceee13624a214364d4b3345e65c74be676c57fbb82e6321c4d5,8fca8a0640cf933b23123223b331daddb80c909866668abcd984fc093ba88d57,{"accepted": true, "best_iid": "7e32150699b4c603a0641b780d78ca07fd8c2f2ae103ee50cbe4bb487a390acd", "best_score": 0.6537962246708381, "checkpoint": true, "cx_rate": 0.756, "cycle": 1, "mean_novelty": 0.06093690344015913, "metrics": {"behavior": [2.803486767747976, 1.2011373482062417], "caos_plus": 1.0, "consent": 1.0, "cost_penalty": 0.9439302646450405, "eco_ok": 1.0, "ethics_pass": 1.0, "linf": 0.9, "novelty": 0.5297593545070033, "objective": 1.2011373482062417, "robustness": 1.0}, "mut_rate": 0.0848, "mut_scale": 0.21200000000000002, "parents": ["b18bbba0c809397e8ae1065465fabee085d1be290b57f84726f60a8be85525cb", "2f3049f54ed77b162fef908da743ca6b66cecb231c8fb4545229ce36950b02f8"], "pop_size": 39, "reasons": {"consent": 1.0, "ece": 0.0, "eco_ok": 1.0, "rho": 0.5, "rho_bias": 0.5}}
1759526031,8fca8a0640cf933b23123223b331daddb80c909866668abcd984fc093ba88d57,96e61b28ab7489d5302e1a9c8b804c37c65c04e3b1cde10984d1d07d760c32f1,{"accepted": false, "best_iid": "1442842c35b25199b526f9d7681af4c874386de047059fe521b178694e2405a7", "best_score": 0.40928725516323006, "checkpoint": true, "cx_rate": 0.762, "cycle": 2, "mean_novelty": 0.10797824772081528, "metrics": {"behavior": [4.416857768773411, 0.4763417888362376], "caos_plus": 1.0, "consent": 1.0, "cost_penalty": 0.9116628446245317, "eco_ok": 1.0, "ethics_pass": 1.0, "linf": 0.9, "novelty": 0.3364877641137483, "objective": 0.4763417888362376, "robustness": 1.0}, "mut_rate": 0.083104, "mut_scale": 0.20776000000000003, "parents": ["3addcc5d7afc8ddea26ae65becf69ad543122ba975ddd790210a69f092e86051", "8430c5c2e9693ffacc5d8cf9d7f5b1b23511724150ed7478fa391f868c1cf154"], "pop_size": 38, "reasons": {"consent": 1.0, "ece": 0.0, "eco_ok": 1.0, "rho": 0.5, "rho_bias": 0.5}}
1759526031,96e61b28ab7489d5302e1a9c8b804c37c65c04e3b1cde10984d1d07d760c32f1,ec924bb83332fa09ba1e3c13414a2614b15b0973920693a26fde0339e8c41375,{"accepted": false, "best_iid": "274b19f0521e251e316f67b903337ce8936495d9c7dcdf437dad631b1cafc1be", "best_score": 0.3387166655967692, "checkpoint": false, "cx_rate": 0.768, "cycle": 3, "mean_novelty": 0.04714597302619836, "metrics": {"behavior": [2.84682288952789, 1.0000822460060772], "caos_plus": 1.0, "consent": 1.0, "cost_penalty": 0.9430635422094422, "eco_ok": 1.0, "ethics_pass": 1.0, "linf": 0.9, "novelty": 0.17416604420982645, "objective": 1.0000822460060772, "robustness": 1.0}, "mut_rate": 0.08809024, "mut_scale": 0.22022560000000005, "parents": ["632d16297248540b9bc3b0cf8d5c726c59ab4bd5cdb68cd49ec97b93f823f4f5"], "pop_size": 37, "reasons": {"consent": 1.0, "ece": 0.0, "eco_ok": 1.0, "rho": 0.5, "rho_bias": 0.5}}
1759527267,ec924bb83332fa09ba1e3c13414a2614b15b0973920693a26fde0339e8c41375,a489dd24d4c728e1e33a7bcaf487aae899ba0b03a0af43b1ab1def3a0df84d49,{"accepted": true, "best_iid": "6d2b7051ebb497978a5972b93a9e025ebc7338066834badd640a861fc9c72104", "best_score": 0.6537962246708381, "checkpoint": true, "cx_rate": 0.756, "cycle": 1, "mean_novelty": 0.06535650779631852, "metrics": {"behavior": [2.803486767747976, 1.2011373482062417], "caos_plus": 1.0, "consent": 1.0, "cost_penalty": 0.9439302646450405, "eco_ok": 1.0, "ethics_pass": 1.0, "linf": 0.9, "novelty": 0.5297593545070033, "objective": 1.2011373482062417, "robustness": 1.0}, "mut_rate": 0.0848, "mut_scale": 0.21200000000000002, "parents": ["0463ef27d058e5e8196f07948ab4941a04c00ef7af848cd9b3864429263abf0e", "640c9728a28649e24a9b968e8b183e12b2e30226dd90558533c8b32801d1bcef"], "pop_size": 39, "reasons": {"consent": 1.0, "ece": 0.0, "eco_ok": 1.0, "rho": 0.5, "rho_bias": 0.5}}
1759527267,a489dd24d4c728e1e33a7bcaf487aae899ba0b03a0af43b1ab1def3a0df84d49,bf9dc35f2dda819d434336e7b16faa4af10c99dadfa16a720f08118a3cb2950d,{"accepted": false, "best_iid": "2f6f359fae7c05c6a1e85a535c5253cbb5a6c4eda110e5f896f72904a2c6305c", "best_score": 0.40928725516323006, "checkpoint": true, "cx_rate": 0.762, "cycle": 2, "mean_novelty": 0.10848615922585648, "metrics": {"behavior": [4.416857768773411, 0.4763417888362376], "caos_plus": 1.0, "consent": 1.0, "cost_penalty": 0.9116628446245317, "eco_ok": 1.0, "ethics_pass": 1.0, "linf": 0.9, "novelty": 0.3364877641137483, "objective": 0.4763417888362376, "robustness": 1.0}, "mut_rate": 0.083104, "mut_scale": 0.20776000000000003, "parents": ["5abe57d180c9a358367eede2a3e0a336b8191985e49a3a5e404ca5d5c424ef70", "17ce892fd95b580c13317e23632959f70541eef1b6cd104b591fe904998c81c7"], "pop_size": 38, "reasons": {"consent": 1.0, "ece": 0.0, "eco_ok": 1.0, "rho": 0.5, "rho_bias": 0.5}}
1759527267,bf9dc35f2dda819d434336e7b16faa4af10c99dadfa16a720f08118a3cb2950d,d3e591e32f19c691b32af7921553041486d5767518cb1dd2990b1bd75e3b48bb,{"accepted": false, "best_iid": "97542f44eca006a577e0516c86baae09a052f4da2a684fefe26ae0a39ec6cdad", "best_score": 0.3492102531555338, "checkpoint": false, "cx_rate": 0.768, "cycle": 3, "mean_novelty": 0.12617127704726214, "metrics": {"behavior": [2.9616375826408308, 0.43711258318122276], "caos_plus": 1.0, "consent": 1.0, "cost_penalty": 0.9407672483471834, "eco_ok": 1.0, "ethics_pass": 1.0, "linf": 0.9, "novelty": 0.239056912364626, "objective": 0.43711258318122276, "robustness": 1.0}, "mut_rate": 0.08809024, "mut_scale": 0.22022560000000005, "parents": ["92902a53aaf589d313515cfb8ee5f3b53a97a51fa33465323908676ddd26be21", "70c221132678a46b0046400f256cb8ea0ea83a93b3f89b6d5c8026b738d9d869"], "pop_size": 37, "reasons": {"consent": 1.0, "ece": 0.0, "eco_ok": 1.0, "rho": 0.5, "rho_bias": 0.5}}
1759527515,d3e591e32f19c691b32af7921553041486d5767518cb1dd2990b1bd75e3b48bb,0fd5f77b4ffe567ab25808cbce1be33570a0fc0a9f91b2b6894d9be6d0831fdb,{"accepted": true, "best_iid": "07a7049d7639d5550fca31fcb796d3caacc4abbd0280176ed6ba301c1bf5402a", "best_score": 0.5108526779624218, "checkpoint": true, "cx_rate": 0.756, "cycle": 1, "mean_novelty": 0.0683890660312979, "metrics": {"behavior": [2.3855342675896876, 1.486804707178679], "caos_plus": 1.0, "consent": 1.0, "cost_penalty": 0.9522893146482062, "eco_ok": 1.0, "ethics_pass": 1.0, "linf": 0.9, "novelty": 0.3022373878793011, "objective": 1.486804707178679, "robustness": 1.0}, "mut_rate": 0.0848, "mut_scale": 0.21200000000000002, "parents": ["26858f1f2e218875e960a2ecc2bec3e92bffb38134a8073f4f481c9728a87718", "4487ef4d58d6cc9c5b14c3d4290afdd00f0498d34b4d0dfd4de46fe5448b392a"], "pop_size": 39, "reasons": {"consent": 1.0, "ece": 0.0, "eco_ok": 1.0, "rho": 0.5, "rho_bias": 0.5}}
1759527515,0fd5f77b4ffe567ab25808cbce1be33570a0fc0a9f91b2b6894d9be6d0831fdb,22592596f966ff37820e98b4952da0a290f3d7359f8c9c3de7ce31a643a14892,{"accepted": false, "best_iid": "c29aeaa857071ec481f65853d94f38b16c57da5f3975f12263da02ed3ce7c750", "best_score": 0.40928725516323006, "checkpoint": true, "cx_rate": 0.762, "cycle": 2, "mean_novelty": 0.10782488764134301, "metrics": {"behavior": [4.416857768773411, 0.4763417888362376], "caos_plus": 1.0, "consent": 1.0, "cost_penalty": 0.9116628446245317, "eco_ok": 1.0, "ethics_pass": 1.0, "linf": 0.9, "novelty": 0.3364877641137483, "objective": 0.4763417888362376, "robustness": 1.0}, "mut_rate": 0.083104, "mut_scale": 0.20776000000000003, "parents": ["3b99e07beb56e6d93faf8115762726f62013c6247352d8dc29a4521e65227e81", "38c2c28433a9699234885572b78f7228aa584bb8e45128f948c1a6eca5db6308"], "pop_size": 38, "reasons": {"consent": 1.0, "ece": 0.0, "eco_ok": 1.0, "rho": 0.5, "rho_bias": 0.5}}
1759527515,22592596f966ff37820e98b4952da0a290f3d7359f8c9c3de7ce31a643a14892,41ef8aad4edf16e64d41efe6a290b998520094149f5f1a8350b784d25f8d595a,{"accepted": false, "best_iid": "3d104f9183f17d87410ad7997df25682728b3ec0df38b4017c27653ef3e4ee11", "best_score": 0.2275908280199515, "checkpoint": false, "cx_rate": 0.768, "cycle": 3, "mean_novelty": 0.03103172600776971, "metrics": {"behavior": [-1.1091673140920595, 0.5180757043619647], "caos_plus": 1.0, "consent": 1.0, "cost_penalty": 0.9778166537181588, "eco_ok": 1.0, "ethics_pass": 1.0, "linf": 0.9, "novelty": 0.1069769433194964, "objective": 0.5180757043619647, "robustness": 1.0}, "mut_rate": 0.08809024, "mut_scale": 0.22022560000000005, "parents": ["0d77c3914cf86dce546e761b2dda432412186072758f8a85b817d2dc71ee03c9", "b5d7ef20210e0d0ff04307990355c26c0427296244b093717f3cf05882b390ee"], "pop_size": 37, "reasons": {"consent": 1.0, "ece": 0.0, "eco_ok": 1.0, "rho": 0.5, "rho_bias": 0.5}}
1759527595,41ef8aad4edf16e64d41efe6a290b998520094149f5f1a8350b784d25f8d595a,d707f2ced7cb2b5bc02059d435fbd26c6a4f4043f9e8360526533a1e59b1d105,{"accepted": true, "best_iid": "3fa597c4765feee0ab7f1c9ef506ec83cf59d2e735af0c914fb7ef8148488923", "best_score": 0.6537962246708381, "checkpoint": true, "cx_rate": 0.756, "cycle": 1, "mean_novelty": 0.06093690344015913, "metrics": {"behavior": [2.803486767747976, 1.2011373482062417], "caos_plus": 1.0, "consent": 1.0, "cost_penalty": 0.9439302646450405, "eco_ok": 1.0, "ethics_pass": 1.0, "linf": 0.9, "novelty": 0.5297593545070033, "objective": 1.2011373482062417, "robustness": 1.0}, "mut_rate": 0.0848, "mut_scale": 0.21200000000000002, "parents": ["bae04d894d30f3cadd35cb47695d3e95314a07a4e57a6de1f72dd8df34ade461", "99a8d80e565091342b8df451d45f9ece9c420859ab7c42cb9315182bbb3ea77d"], "pop_size": 39, "reasons": {"consent": 1.0, "ece": 0.0, "eco_ok": 1.0, "rho": 0.5, "rho_bias": 0.5}}
1759527595,d707f2ced7cb2b5bc02059d435fbd26c6a4f4043f9e8360526533a1e59b1d105,9051064f9d60497795ebf73e360564d39473ccb741dfb5b2d22f2854b7deb19f,{"accepted": false, "best_iid": "e7c5b90a3d2e1c845a5a03c221f7e28c06bed5f0a66675530bc4fa3c805f4832", "best_score": 0.40928725516323006, "checkpoint": true, "cx_rate": 0.762, "cycle": 2, "mean_novelty": 0.10797824772081528, "metrics": {"behavior": [4.416857768773411, 0.4763417888362376], "caos_plus": 1.0, "consent": 1.0, "cost_penalty": 0.9116628446245317, "eco_ok": 1.0, "ethics_pass": 1.0, "linf": 0.9, "novelty": 0.3364877641137483, "objective": 0.4763417888362376, "robustness": 1.0}, "mut_rate": 0.083104, "mut_scale": 0.20776000000000003, "parents": ["e035d18cd7d2171c57e8c69b340d20eb919dffbdf5cb7e51118fe2dbd88f695f", "f009c4cf9c90d3de12f51f406a11016989c7addd040e88bd7edd34892b22e23a"], "pop_size": 38, "reasons": {"consent": 1.0, "ece": 0.0, "eco_ok": 1.0, "rho": 0.5, "rho_bias": 0.5}}
1759527595,9051064f9d60497795ebf73e360564d39473ccb741dfb5b2d22f2854b7deb19f,448f4239a3d09cd378d5c84b52e2d59c2050c50d1b0f629e7a889bbe5dd672c5,{"accepted": false, "best_iid": "9916ea87fda01fde28b8e14a11178b0ad387ac948e05fdef41db77b5feb89bbb", "best_score": 0.30413501218211936, "checkpoint": false, "cx_rate": 0.768, "cycle": 3, "mean_novelty": 0.08794259569981089, "metrics": {"behavior": [-1.1987558586036977, 0.8943428348496529], "caos_plus": 1.0, "consent": 1.0, "cost_penalty": 0.9760248828279261, "eco_ok": 1.0, "ethics_pass": 1.0, "linf": 0.9, "novelty": 0.1449632902910239, "objective": 0.8943428348496529, "robustness": 1.0}, "mut_rate": 0.08809024, "mut_scale": 0.22022560000000005, "parents": ["d2f50184f724f5c0c52073cf03b8b30887f8a39929e2b8d6c30af709a8ea64ee", "0f1e9fb756b26cb38c09a437c315beb0621f5d85f38a859faf03f67bbce0f049"], "pop_size": 37, "reasons": {"consent": 1.0, "ece": 0.0, "eco_ok": 1.0, "rho": 0.5, "rho_bias": 0.5}}
1759529641,448f4239a3d09cd378d5c84b52e2d59c2050c50d1b0f629e7a889bbe5dd672c5,338c5191d23722ccc01d6096547e080fda77f563d7f4b557675558359101833b,{"accepted": true, "best_iid": "f58af240ccd65009d7c53a32e6f8bb5a33a2e9633c5909c0fb7d91d7c7150421", "best_score": 0.6537962246708381, "checkpoint": true, "cx_rate": 0.756, "cycle": 1, "mean_novelty": 0.06093690344015913, "metrics": {"behavior": [2.803486767747976, 1.2011373482062417], "caos_plus": 1.0, "consent": 1.0, "cost_penalty": 0.9439302646450405, "eco_ok": 1.0, "ethics_pass": 1.0, "linf": 0.9, "novelty": 0.5297593545070033, "objective": 1.2011373482062417, "robustness": 1.0}, "mut_rate": 0.0848, "mut_scale": 0.21200000000000002, "parents": ["9935710f5cf4d29a16071f0666ff44c917863b02d8ed4a69c6ee0379b8ac7c56", "1595d5efda21b6fb89247ba3ec7404f1e0c59833de2a9e954f4292c476df0cfc"], "pop_size": 39, "reasons": {"consent": 1.0, "ece": 0.0, "eco_ok": 1.0, "rho": 0.5, "rho_bias": 0.5}}
1759529641,338c5191d23722ccc01d6096547e080fda77f563d7f4b557675558359101833b,3f1daf6779a9376a648f1457fd7421d074ffcbddae9c25b845c450a025c02df2,{"accepted": false, "best_iid": "5a17ac774c670be662e244412b38ee658542f48ebc8c90f087cb6ddc4238225b", "best_score": 0.40928725516323006, "checkpoint": true, "cx_rate": 0.762, "cycle": 2, "mean_novelty": 0.10797824772081528, "metrics": {"behavior": [4.416857768773411, 0.4763417888362376], "caos_plus": 1.0, "consent": 1.0, "cost_penalty": 0.9116628446245317, "eco_ok": 1.0, "ethics_pass": 1.0, "linf": 0.9, "novelty": 0.3364877641137483, "objective": 0.4763417888362376, "robustness": 1.0}, "mut_rate": 0.083104, "mut_scale": 0.20776000000000003, "parents": ["36d1d318fde268948bc04f15d4346c2eef215d5a86e2c08adcca3e23d45185cd", "679df974e755f71981f531f4c4e8b714504317d81b676e380afe3ac156319ab0"], "pop_size": 38, "reasons": {"consent": 1.0, "ece": 0.0, "eco_ok": 1.0, "rho": 0.5, "rho_bias": 0.5}}
1759529641,3f1daf6779a9376a648f1457fd7421d074ffcbddae9c25b845c450a025c02df2,13a508210eac8025f01ad66b2b9335b877c75727ddcc24312e97499fc5e437b1,{"accepted": false, "best_iid": "fe8daa2a68bdf2a7c95ca3d689b98fb9e486403eaf2975035ed3c93d776c0e01", "best_score": 0.30413501218211936, "checkpoint": false, "cx_rate": 0.768, "cycle": 3, "mean_novelty": 0.08794259569981089, "metrics": {"behavior": [-1.1987558586036977, 0.8943428348496529], "caos_plus": 1.0, "consent": 1.0, "cost_penalty": 0.9760248828279261, "eco_ok": 1.0, "ethics_pass": 1.0, "linf": 0.9, "novelty": 0.1449632902910239, "objective": 0.8943428348496529, "robustness": 1.0}, "mut_rate": 0.08809024, "mut_scale": 0.22022560000000005, "parents": ["f2833ed981d5c6f8f5271483f1d0cb4d63d0341fba25d456a00438b49bf4f096", "adcff6023adb244500744321373fdb04af3f4b3ece184c03854ae7f36bced70f"], "pop_size": 37, "reasons": {"consent": 1.0, "ece": 0.0, "eco_ok": 1.0, "rho": 0.5, "rho_bias": 0.5}}
1759529667,13a508210eac8025f01ad66b2b9335b877c75727ddcc24312e97499fc5e437b1,951531bd74935fd18420811be258f3d68c8133be6ffc3fbd4740582637737b6d,{"accepted": true, "best_iid": "fc0560d3505a0714cb866eb9bb526e7cc431965ca5dd396af879c455c22548bf", "best_score": 0.5108526779624218, "checkpoint": true, "cx_rate": 0.756, "cycle": 1, "mean_novelty": 0.0683890660312979, "metrics": {"behavior": [2.3855342675896876, 1.486804707178679], "caos_plus": 1.0, "consent": 1.0, "cost_penalty": 0.9522893146482062, "eco_ok": 1.0, "ethics_pass": 1.0, "linf": 0.9, "novelty": 0.3022373878793011, "objective": 1.486804707178679, "robustness": 1.0}, "mut_rate": 0.0848, "mut_scale": 0.21200000000000002, "parents": ["e0b26fd414562a283a197e17a146ac3b22f2924f5767f4b56d90816043dad1a8", "d7f2303b0d388ba84fc4970eb60152fef795f922779e132774d5b4cba91ecdbd"], "pop_size": 39, "reasons": {"consent": 1.0, "ece": 0.0, "eco_ok": 1.0, "rho": 0.5, "rho_bias": 0.5}}
1759529667,951531bd74935fd18420811be258f3d68c8133be6ffc3fbd4740582637737b6d,8558f54e622255c53dc52ed086296497899b1306eeda9c218f2a0f73cb9e5989,{"accepted": false, "best_iid": "05143174c9cb44fd60a01783d02e2c98818a6276e404d204acf100790a1c3830", "best_score": 0.40928725516323006, "checkpoint": true, "cx_rate": 0.762, "cycle": 2, "mean_novelty": 0.10782488764134301, "metrics": {"behavior": [4.416857768773411, 0.4763417888362376], "caos_plus": 1.0, "consent": 1.0, "cost_penalty": 0.9116628446245317, "eco_ok": 1.0, "ethics_pass": 1.0, "linf": 0.9, "novelty": 0.3364877641137483, "objective": 0.4763417888362376, "robustness": 1.0}, "mut_rate": 0.083104, "mut_scale": 0.20776000000000003, "parents": ["3943816253c810087587452f3eeee0a7e1eb3dd51ee68f27276a5026672a3e95", "9aca65197bcbf71fcc15bd837636693b3518c7eac8a01331e17b21cfc47f7962"], "pop_size": 38, "reasons": {"consent": 1.0, "ece": 0.0, "eco_ok": 1.0, "rho": 0.5, "rho_bias": 0.5}}
1759529667,8558f54e622255c53dc52ed086296497899b1306eeda9c218f2a0f73cb9e5989,3b0348f742112ba213d9f4d27d138343ab472dec274bdd623a70acabbc417db3,{"accepted": false, "best_iid": "692cf73f3d44f9dbccd5b74f211c52cf576f83898c08efd29e72bc824173aee4", "best_score": 0.4000000616738501, "checkpoint": false, "cx_rate": 0.768, "cycle": 3, "mean_novelty": 0.07076501575727127, "metrics": {"behavior": [2.84682288952789, 1.0000822460060772], "caos_plus": 1.0, "consent": 1.0, "cost_penalty": 0.9430635422094422, "eco_ok": 1.0, "ethics_pass": 1.0, "linf": 0.9, "novelty": 0.22411742871780474, "objective": 1.0000822460060772, "robustness": 1.0}, "mut_rate": 0.08809024, "mut_scale": 0.22022560000000005, "parents": ["94edf8499964872038541ea7350c278747d36e5522a02f636bcb28a6e4894e67"], "pop_size": 37, "reasons": {"consent": 1.0, "ece": 0.0, "eco_ok": 1.0, "rho": 0.5, "rho_bias": 0.5}}
1759529676,3b0348f742112ba213d9f4d27d138343ab472dec274bdd623a70acabbc417db3,1260312ff35c19ccf38a4241d0555727d3f8c60ec6d5cb4eb10b568e55005e99,{"accepted": true, "best_iid": "4c7d18451c5fe837fdf0dafd947c710739131be00600fc611c5b2b53370178db", "best_score": 0.6537962246708381, "checkpoint": true, "cx_rate": 0.756, "cycle": 1, "mean_novelty": 0.06093690344015913, "metrics": {"behavior": [2.803486767747976, 1.2011373482062417], "caos_plus": 1.0, "consent": 1.0, "cost_penalty": 0.9439302646450405, "eco_ok": 1.0, "ethics_pass": 1.0, "linf": 0.9, "novelty": 0.5297593545070033, "objective": 1.2011373482062417, "robustness": 1.0}, "mut_rate": 0.0848, "mut_scale": 0.21200000000000002, "parents": ["038c38754ce4d17b2a9068ae583a01d3cf92c81d22a6c8386be50b413484c7f3", "4ffc309d4d67b72de6f03b986088391926dde4bcf44ae0a745f330a7b26a5769"], "pop_size": 39, "reasons": {"consent": 1.0, "ece": 0.0, "eco_ok": 1.0, "rho": 0.5, "rho_bias": 0.5}}
1759529676,1260312ff35c19ccf38a4241d0555727d3f8c60ec6d5cb4eb10b568e55005e99,27752ce9bee55bb734a89e5e0737c75dcc51604f416e676d71ecf1447909c8f1,{"accepted": false, "best_iid": "5cee84ba8002951359d89d550c57b72fe93771e861033a5dd1d8b49040994675", "best_score": 0.40928725516323006, "checkpoint": true, "cx_rate": 0.762, "cycle": 2, "mean_novelty": 0.10797824772081528, "metrics": {"behavior": [4.416857768773411, 0.4763417888362376], "caos_plus": 1.0, "consent": 1.0, "cost_penalty": 0.9116628446245317, "eco_ok": 1.0, "ethics_pass": 1.0, "linf": 0.9, "novelty": 0.3364877641137483, "objective": 0.4763417888362376, "robustness": 1.0}, "mut_rate": 0.083104, "mut_scale": 0.20776000000000003, "parents": ["5ec54a651ac649777ce1880bb0144ba1435daa407cf65958eecfe60bef0abac7", "01ac8edd2ad92a693de7e5fe2fef077795abfc72f2eb8c596b45a99dcb07772d"], "pop_size": 38, "reasons": {"consent": 1.0, "ece": 0.0, "eco_ok": 1.0, "rho": 0.5, "rho_bias": 0.5}}
1759529676,27752ce9bee55bb734a89e5e0737c75dcc51604f416e676d71ecf1447909c8f1,277df1239af84f1a0a182117937c2b7983e5e9fbc2d254c2b2efea195a8c1e10,{"accepted": false, "best_iid": "25156c48b8cd52d9702229c525e10b6276a57ae3b8b391aff7a14308f5cb51fa", "best_score": 0.3387166655967692, "checkpoint": false, "cx_rate": 0.768, "cycle": 3, "mean_novelty": 0.04714597302619836, "metrics": {"behavior": [2.84682288952789, 1.0000822460060772], "caos_plus": 1.0, "consent": 1.0, "cost_penalty": 0.9430635422094422, "eco_ok": 1.0, "ethics_pass": 1.0, "linf": 0.9, "novelty": 0.17416604420982645, "objective": 1.0000822460060772, "robustness": 1.0}, "mut_rate": 0.08809024, "mut_scale": 0.22022560000000005, "parents": ["7462d8970044ac2f0490a5bb4d275f6ab685ecf9b67c25a20f20cf89c4ffa587"], "pop_size": 37, "reasons": {"consent": 1.0, "ece": 0.0, "eco_ok": 1.0, "rho": 0.5, "rho_bias": 0.5}}
1759529677,277df1239af84f1a0a182117937c2b7983e5e9fbc2d254c2b2efea195a8c1e10,705355727eb4b63593e541cbc78f52988f18787ecf1ff2f52f35afa33f2485ec,{"accepted": true, "best_iid": "050bcb1607ba51454788fedc9d1b6c6079d4ebf98c84ddcd4bf62fe1959e12c0", "best_score": 0.5108526779624218, "checkpoint": true, "cx_rate": 0.756, "cycle": 1, "mean_novelty": 0.0683890660312979, "metrics": {"behavior": [2.3855342675896876, 1.486804707178679], "caos_plus": 1.0, "consent": 1.0, "cost_penalty": 0.9522893146482062, "eco_ok": 1.0, "ethics_pass": 1.0, "linf": 0.9, "novelty": 0.3022373878793011, "objective": 1.486804707178679, "robustness": 1.0}, "mut_rate": 0.0848, "mut_scale": 0.21200000000000002, "parents": ["f22b1c1cf6a0a74c90885ef629e465229754b29a7765aebe1e50e9d46d93070d", "34c73958548e7bd90b8f923d6838257cb32d88adcf72426496257583dad24288"], "pop_size": 39, "reasons": {"consent": 1.0, "ece": 0.0, "eco_ok": 1.0, "rho": 0.5, "rho_bias": 0.5}}
1759529677,705355727eb4b63593e541cbc78f52988f18787ecf1ff2f52f35afa33f2485ec,5f66223d730211296a9e795e1b1d48e2180b62de096f6ea50ddbc791942ec82f,{"accepted": false, "best_iid": "9a72a3629f4df68a8d59c0ce90f5ddce8c52e85cf6b2d4a20578ee290f374611", "best_score": 0.40928725516323006, "checkpoint": true, "cx_rate": 0.762, "cycle": 2, "mean_novelty": 0.10833279914638422, "metrics": {"behavior": [4.416857768773411, 0.4763417888362376], "caos_plus": 1.0, "consent": 1.0, "cost_penalty": 0.9116628446245317, "eco_ok": 1.0, "ethics_pass": 1.0, "linf": 0.9, "novelty": 0.3364877641137483, "objective": 0.4763417888362376, "robustness": 1.0}, "mut_rate": 0.083104, "mut_scale": 0.20776000000000003, "parents": ["7202646c6a9684addfd2bb354baabf63ea237e3058bc42dd891fe936e7d3edc2", "f66e9d5194c4ff0a1d0ab4437ad67dd527de5417502f9e776c4a0e57cec24cfd"], "pop_size": 38, "reasons": {"consent": 1.0, "ece": 0.0, "eco_ok": 1.0, "rho": 0.5, "rho_bias": 0.5}}
1759529678,5f66223d730211296a9e795e1b1d48e2180b62de096f6ea50ddbc791942ec82f,9d43284aa65b49a6c70b1ba5e44443b340ebeeb82b7ecc7df6f26ab623da1145,{"accepted": false, "best_iid": "6703476000e61fd73604805f3c34e53dc0b75c4016ccb913da27c3652914d1e4", "best_score": 0.15975214736030208, "checkpoint": false, "cx_rate": 0.768, "cycle": 3, "mean_novelty": 0.04986504176131215, "metrics": {"behavior": [5.22908198006666, 0.861383392209387], "caos_plus": 1.0, "consent": 1.0, "cost_penalty": 0.8954183603986668, "eco_ok": 1.0, "ethics_pass": 1.0, "linf": 0.9, "novelty": 0.0712093083630282, "objective": 0.861383392209387, "robustness": 1.0}, "mut_rate": 0.08809024, "mut_scale": 0.22022560000000005, "parents": ["8dbffff1bcf1715b3bad68250c3a07cb699e2926cda7718f9986bd7d671a03ea", "4042de50738bffb127105e053f018741ef5622b17b33da48d53a630a081b2e7c"], "pop_size": 37, "reasons": {"consent": 1.0, "ece": 0.0, "eco_ok": 1.0, "rho": 0.5, "rho_bias": 0.5}}
1759529697,9d43284aa65b49a6c70b1ba5e44443b340ebeeb82b7ecc7df6f26ab623da1145,7c1dbca56691aad9ec91d81636779bf2df7db7b899a6bda21f88984fc245659a,{"accepted": true, "best_iid": "d93577f5f16bf2652c052d0253c56083c74ae1b5e19b4ca715582cd41c303d5f", "best_score": 0.5108526779624218, "checkpoint": true, "cx_rate": 0.756, "cycle": 1, "mean_novelty": 0.0683890660312979, "metrics": {"behavior": [2.3855342675896876, 1.486804707178679], "caos_plus": 1.0, "consent": 1.0, "cost_penalty": 0.9522893146482062, "eco_ok": 1.0, "ethics_pass": 1.0, "linf": 0.9, "novelty": 0.3022373878793011, "objective": 1.486804707178679, "robustness": 1.0}, "mut_rate": 0.0848, "mut_scale": 0.21200000000000002, "parents": ["13716b2f8718b096d31978051d8694d0b4ec015dccaf47d8ee254040ba8a0bf8", "a0ec9252c6378324feaeb7fd9772a610fd5f85cd63c2129cb605e9a4a4050f10"], "pop_size": 39, "reasons": {"consent": 1.0, "ece": 0.0, "eco_ok": 1.0, "rho": 0.5, "rho_bias": 0.5}}
1759529697,7c1dbca56691aad9ec91d81636779bf2df7db7b899a6bda21f88984fc245659a,8570ef38d507a0ed43e317dab97cabaed319ceec45695ecebb20d8bdcd5d4968,{"accepted": false, "best_iid": "387e73d0b8560fd40cb34d3a3866f749fb02db52795a02b4bb0cc4d4265da0a7", "best_score": 0.40928725516323006, "checkpoint": true, "cx_rate": 0.762, "cycle": 2, "mean_novelty": 0.10782488764134301, "metrics": {"behavior": [4.416857768773411, 0.4763417888362376], "caos_plus": 1.0, "consent": 1.0, "cost_penalty": 0.9116628446245317, "eco_ok": 1.0, "ethics_pass": 1.0, "linf": 0.9, "novelty": 0.3364877641137483, "objective": 0.4763417888362376, "robustness": 1.0}, "mut_rate": 0.083104, "mut_scale": 0.20776000000000003, "parents": ["610fd159f7e47b6c81421fc02dcdb68d722d2736c9b0492b8efb81ffeb535c16", "7e333fd79c25e783772cc3e38ba8dfb3b51fdae8be25a91c1b34852b283f38e5"], "pop_size": 38, "reasons": {"consent": 1.0, "ece": 0.0, "eco_ok": 1.0, "rho": 0.5, "rho_bias": 0.5}}
1759529697,8570ef38d507a0ed43e317dab97cabaed319ceec45695ecebb20d8bdcd5d4968,da8681c5b5f0147ba9e7b950bef90f738e3a3259454ef1afcb581abfb0f1a008,{"accepted": false, "best_iid": "ec70f1305437b1433b237db4b21535102fa6d962df1b6ba486d3e34e04b5432b", "best_score": 0.3459008527010546, "checkpoint": false, "cx_rate": 0.768, "cycle": 3, "mean_novelty": 0.02071846521199647, "metrics": {"behavior": [-1.4862722299261837, 1.0654862908298348], "caos_plus": 1.0, "consent": 1.0, "cost_penalty": 0.9702745554014763, "eco_ok": 1.0, "ethics_pass": 1.0, "linf": 0.9, "novelty": 0.17048708733636544, "objective": 1.0654862908298348, "robustness": 1.0}, "mut_rate": 0.08809024, "mut_scale": 0.22022560000000005, "parents": ["e5a1b4377f38372fb59d81ff4609cdad012c710b74a0aa721ead0788e3044a4d"], "pop_size": 37, "reasons": {"consent": 1.0, "ece": 0.0, "eco_ok": 1.0, "rho": 0.5, "rho_bias": 0.5}}
1759529734,da8681c5b5f0147ba9e7b950bef90f738e3a3259454ef1afcb581abfb0f1a008,bcde5987f934f08feadad2b3757624bb90bb42aa2b096cb8b8b92365f6652436,{"accepted": true, "best_iid": "f1662d516457d5734441b92e269d9a5fdaf0fba45057a9e77dda67c436ac1a90", "best_score": 0.5108526779624218, "checkpoint": true, "cx_rate": 0.756, "cycle": 1, "mean_novelty": 0.0683890660312979, "metrics": {"behavior": [2.3855342675896876, 1.486804707178679], "caos_plus": 1.0, "consent": 1.0, "cost_penalty": 0.9522893146482062, "eco_ok": 1.0, "ethics_pass": 1.0, "linf": 0.9, "novelty": 0.3022373878793011, "objective": 1.486804707178679, "robustness": 1.0}, "mut_rate": 0.0848, "mut_scale": 0.21200000000000002, "parents": ["aede36f6bc17e6836e07f5813c5b32b16d0d8e1fe9e56b52c4c97ea1aa8fe7ba", "4fbdd1034505440a0cbc9be6355da585bd3d72d6130ca81ebb1044b6d7d138cf"], "pop_size": 39, "reasons": {"consent": 1.0, "ece": 0.0, "eco_ok": 1.0, "rho": 0.5, "rho_bias": 0.5}}
1759529734,bcde5987f934f08feadad2b3757624bb90bb42aa2b096cb8b8b92365f6652436,4958f28f5751b77cb86958fd9009f38d07020a6e655e3341540c55e80c2ce755,{"accepted": false, "best_iid": "6c1b3cac737b90f59fcf8664a338f9852df032c20876a5a5688259f49df99337", "best_score": 0.40928725516323006, "checkpoint": true, "cx_rate": 0.762, "cycle": 2, "mean_novelty": 0.10833279914638422, "metrics": {"behavior": [4.416857768773411, 0.4763417888362376], "caos_plus": 1.0, "consent": 1.0, "cost_penalty": 0.9116628446245317, "eco_ok": 1.0, "ethics_pass": 1.0, "linf": 0.9, "novelty": 0.3364877641137483, "objective": 0.4763417888362376, "robustness": 1.0}, "mut_rate": 0.083104, "mut_scale": 0.20776000000000003, "parents": ["25e0cb500d181e22ce9a41616e1bede7dbfaeefb1a1b1937c702c67155c01810", "575260640c9d4430e2a2936b4dd337289323f6c00d6e496fb057bcfc5d707964"], "pop_size": 38, "reasons": {"consent": 1.0, "ece": 0.0, "eco_ok": 1.0, "rho": 0.5, "rho_bias": 0.5}}
1759529734,4958f28f5751b77cb86958fd9009f38d07020a6e655e3341540c55e80c2ce755,cf5edb6283bbd23cdfec34b6a6859441a04791ab10be69ca35d0aa02f04fcfdc,{"accepted": false, "best_iid": "2c989223047208623dc7ac1ca5dc289fddf621d3f2223ec701241cc695767185", "best_score": 0.1472152163095608, "checkpoint": false, "cx_rate": 0.768, "cycle": 3, "mean_novelty": 0.05498252080396933, "metrics": {"behavior": [5.332879554252258, 0.27016647774915536], "caos_plus": 1.0, "consent": 1.0, "cost_penalty": 0.8933424089149549, "eco_ok": 1.0, "ethics_pass": 1.0, "linf": 0.9, "novelty": 0.07756572528342612, "objective": 0.27016647774915536, "robustness": 1.0}, "mut_rate": 0.08809024, "mut_scale": 0.22022560000000005, "parents": ["2c58597fb38c5e63d7c988480ae304ed6390e236004d3853c7fb4dbe2a026826"], "pop_size": 37, "reasons": {"consent": 1.0, "ece": 0.0, "eco_ok": 1.0, "rho": 0.5, "rho_bias": 0.5}}
1759531271,cf5edb6283bbd23cdfec34b6a6859441a04791ab10be69ca35d0aa02f04fcfdc,eafb31f3032c4878654b3605e57f8d2b8f2983243e3c8e68d10e8cdc12830244,{"accepted": true, "best_iid": "7a220cab827d8e2fba3af31c66bc3f9ba92c0d72b7f707405767969ecfd02016", "best_score": 0.5108526779624218, "checkpoint": true, "cx_rate": 0.756, "cycle": 1, "mean_novelty": 0.0683890660312979, "metrics": {"behavior": [2.3855342675896876, 1.486804707178679], "caos_plus": 1.0, "consent": 1.0, "cost_penalty": 0.9522893146482062, "eco_ok": 1.0, "ethics_pass": 1.0, "linf": 0.9, "novelty": 0.3022373878793011, "objective": 1.486804707178679, "robustness": 1.0}, "mut_rate": 0.0848, "mut_scale": 0.21200000000000002, "parents": ["f93efc13cb2cf613531651248f5aa75bb91f118a7589d87d49c167128a7460a7", "91e3df5c6fc41f74876908dd0c90ca7207155e982a0177f18afa7d9b4f34ae44"], "pop_size": 39, "reasons": {"consent": 1.0, "ece": 0.0, "eco_ok": 1.0, "rho": 0.5, "rho_bias": 0.5}}
1759531271,eafb31f3032c4878654b3605e57f8d2b8f2983243e3c8e68d10e8cdc12830244,1ce807a7cd026e9247c27658583dc169d49eccd00a255106eace1b007a2749c5,{"accepted": false, "best_iid": "80d980f0603ac86b4769dccad38128fc41cb2ecd6c7b3a14986fe1abeb3200db", "best_score": 0.40928725516323006, "checkpoint": true, "cx_rate": 0.762, "cycle": 2, "mean_novelty": 0.10833279914638422, "metrics": {"behavior": [4.416857768773411, 0.4763417888362376], "caos_plus": 1.0, "consent": 1.0, "cost_penalty": 0.9116628446245317, "eco_ok": 1.0, "ethics_pass": 1.0, "linf": 0.9, "novelty": 0.3364877641137483, "objective": 0.4763417888362376, "robustness": 1.0}, "mut_rate": 0.083104, "mut_scale": 0.20776000000000003, "parents": ["d88644965d931adf906570de7ef4eeb70c28e7e513c63f6cd41dbf51b0aa826d", "77d8041dd0e19d54cf28ad52c79d961a190e52f37540ac300a77f59f923bcd22"], "pop_size": 38, "reasons": {"consent": 1.0, "ece": 0.0, "eco_ok": 1.0, "rho": 0.5, "rho_bias": 0.5}}
1759531271,1ce807a7cd026e9247c27658583dc169d49eccd00a255106eace1b007a2749c5,2e9f56756f21af8f2d46d29925a4be54333b89895e565fd63cb1d58076b53bac,{"accepted": false, "best_iid": "e6c6437c2eb2ebcd691792ca96b8e44574c2772d7874c0ee05223e3388086125", "best_score": 0.15975214736030208, "checkpoint": false, "cx_rate": 0.768, "cycle": 3, "mean_novelty": 0.04986504176131215, "metrics": {"behavior": [5.22908198006666, 0.861383392209387], "caos_plus": 1.0, "consent": 1.0, "cost_penalty": 0.8954183603986668, "eco_ok": 1.0, "ethics_pass": 1.0, "linf": 0.9, "novelty": 0.0712093083630282, "objective": 0.861383392209387, "robustness": 1.0}, "mut_rate": 0.08809024, "mut_scale": 0.22022560000000005, "parents": ["669c9c5c708451d4b9258b7539809a5836b2803d73a85534370601b0b338769d", "378eaf73520ad3051cad71d1d129b225955b520858509f5cdf5b12a70f8d1f72"], "pop_size": 37, "reasons": {"consent": 1.0, "ece": 0.0, "eco_ok": 1.0, "rho": 0.5, "rho_bias": 0.5}}
